<?xml version="1.0" encoding="UTF-8" standalone="no"?><grupo>
  <persona>
    <nombre>Sergio</nombre>
    <apellido>Dominguez</apellido>
    <edad>22</edad>
  </persona>

  <persona>
    <nombre>Daniel</nombre>
    <apellido>Perez</apellido>
    <edad>20</edad>
  </persona>

  <persona>
    <nombre>Pedro</nombre>
    <apellido>Gomez</apellido>
    <edad>21</edad>
  </persona>
<persona><nombre>asdda</nombre><apellido/><edad>qdqad</edad></persona><persona><nombre>prueba</nombre><apellido>Maqueda</apellido><edad>12</edad></persona><persona><nombre>1</nombre><apellido>1</apellido><edad>1</edad></persona><persona><nombre>1</nombre><apellido>1</apellido><edad>1</edad></persona><persona><nombre>1</nombre><apellido>1</apellido><edad>1</edad></persona><persona><nombre>daq</nombre><apellido>wedwe</apellido><edad>235</edad></persona></grupo>